{"('0', '2', '0000')": [1.9995397985944345, -2.220446049250313e-16, 1.9999999999999996, -2.220446049250313e-16], "('0', '2', '0001')": [1.8817536838277453, -2.220446049250313e-16, 1.9999999999983753, -0.7], "('0', '2', '0010')": [1.9999999999124576, -2.220446049250313e-16, 0, -2.290500461844551e-16], "('0', '2', '0011')": [1.9999999999999123, 0, 0, 0], "('0', '2', '0100')": [1.9999999999999996, -0.9999999998837739, 1.9999985356272076, -2.220446049250313e-16], "('0', '2', '0101')": [1.9999999999999971, 0, 0, -0.7], "('0', '2', '0110')": [1.9999999999999996, 0, 0, -4.836113100103169e-06], "('0', '2', '0111')": [1.9999999999999996, 0, 0, 0], "('0', '2', '1000')": [-0.9099999999999999, -2.220446049257091e-16, 1.7221250866730764, 0], "('0', '2', '1001')": [-0.7, -8.938229334528814e-05, 1.435599850843793, 0], "('0', '2', '1010')": [-0.9997813, -1.1724195241380055, -0.999271, -1.155], "('0', '2', '1011')": [-0.9919, -1.473407290388743, -0.9919, -0.973], "('0', '2', '1100')": [-0.7, -0.7, 1.999999999999999, 0], "('0', '2', '1101')": [-0.7, -0.7, 0.9099999999999999, 0], "('0', '2', '1110')": [-0.7, -0.7, -0.7, -0.4220674863309951], "('0', '2', '1111')": [0, 0, 0, 0], "('0', '3', '0000')": [1.9999993799851703, -2.220446049250313e-16, -2.220446049250313e-16, 1.9999999999999996], "('0', '3', '0001')": [1.9999999999999987, -2.0206059048177847e-16, -2.220446049250313e-16, -0.7], "('0', '3', '0010')": [1.9990436376018228, -2.2204460492503082e-16, -0.9997813, 1.9999999999999991], "('0', '3', '0011')": [1.9999999999999996, 0, 0, 0], "('0', '3', '0100')": [1.9997535971763023, -0.9999999999968618, -2.220446049250313e-16, 1.9999999999999996], "('0', '3', '0101')": [1.9999999999999996, 0, 0, 0], "('0', '3', '0110')": [1.9999999999999996, -0.9099999999999999, 0, 1.9994423216665742], "('0', '3', '0111')": [1.9999999999999996, 0, 0, 0], "('0', '3', '1000')": [-0.973, -9.003886083565605e-07, -2.220446049250313e-16, 1.9999999999999052], "('0', '3', '1001')": [-0.9975700000000001, -1.475940805703952, -1.3980652173913044, -0.9975700000000001], "('0', '3', '1010')": [-0.9099999999999999, -0.11538461538461553, -0.7, 1.999999999999834], "('0', '3', '1011')": [-0.7, -9.019454074989749e-08, -0.7, -0.7], "('0', '3', '1100')": [-0.7, -0.7, -0.973, 1.9999993689073938], "('0', '3', '1101')": [-0.973, -0.973, -1.45103584139301, -0.9099999999999999], "('0', '3', '1110')": [-0.7, -0.7, -0.7, 1.9999999999999925], "('0', '3', '1111')": [-0.7, -0.7, -0.7, 0], "('0', 'NA', '0000')": [1.9999999999999996, -2.220446049250313e-16, -2.220446049250313e-16, -2.220446049250313e-16], "('0', 'NA', '0001')": [1.999999999989784, 0, 0, -0.9099999999999999], "('0', 'NA', '0010')": [1.9999999999998088, 0, 0, 0], "('0', 'NA', '0011')": [1.9999999999999996, 0, 0, 0], "('0', 'NA', '0100')": [1.9999999999999991, -0.973, -2.220446049250313e-16, -2.220446049250313e-16], "('0', 'NA', '0101')": [1.9999999999999996, 0, 0, 0], "('0', 'NA', '0110')": [1.9999999995731366, 0, 0, 0], "('0', 'NA', '0111')": [1.999999999999892, 0, 0, 0], "('0', 'NA', '1000')": [-0.7, -1.0, -1.5010325925257482e-10, -0.35040446083100185], "('0', 'NA', '1001')": [-0.7, -0.9730000000000034, -1.12950130508971e-08, -0.7], "('0', 'NA', '1010')": [-0.7, -1.0424162375003152, -0.7, 0], "('0', 'NA', '1011')": [-0.7, 0, 0, 0], "('0', 'NA', '1100')": [-0.999999468559, -0.999999468559, -1.35, -1.2915], "('0', 'NA', '1101')": [-0.7, -0.7, 0, 0], "('0', 'NA', '1110')": [0, 0, 0, 0], "('0', 'NA', '1111')": [0, 0, 0, 0], "('1', '2', '0000')": [-2.220446049250313e-16, 1.9999999981066678, 1.9999999999999996, -2.220446049250313e-16], "('1', '2', '0001')": [-2.220446049250313e-16, 1.9999999998060694, 1.9990114022233214, -0.9997813], "('1', '2', '0010')": [-2.220446049487674e-16, 1.9999999999999902, -0.973, -2.220446049250313e-16], "('1', '2', '0011')": [-2.6993874158165454e-14, 1.9999999999999996, 0, 0], "('1', '2', '0100')": [-2.220446050046039e-16, -0.9099999999999999, 1.9999999999034617, -2.220446053414731e-16], "('1', '2', '0101')": [-0.9099999999999999, -0.7, 1.4172285900024997, 0], "('1', '2', '0110')": [-1.1715738370688702, -0.9999998405677, -0.9999998405677, -1.0411909269589985], "('1', '2', '0111')": [-0.9099999999999999, -0.9099999999999999, -0.7, -0.7], "('1', '2', '1000')": [-0.9999999999999746, 1.9999999999999971, 1.9352926086856812, -2.220446049250313e-16], "('1', '2', '1001')": [-0.7, 1.9999999996110258, 0, 0], "('1', '2', '1010')": [-0.7, 1.9999999999999987, 0, 0], "('1', '2', '1011')": [-0.7, 1.9999999999999996, 0, 0], "('1', '2', '1100')": [-0.7, -0.7, 1.9999999999999996, 0], "('1', '2', '1101')": [-0.7, -0.7, 1.9999999999999996, 0], "('1', '2', '1110')": [-0.7, -0.7, 0, 0], "('1', '2', '1111')": [-0.7, -0.7, -0.7, 0], "('1', '3', '0000')": [-2.220446049250313e-16, 1.9999999999990299, -2.220446049250313e-16, 1.9999999999994271], "('1', '3', '0001')": [-2.220446049250313e-16, 1.9997943236651774, 0, 0], "('1', '3', '0010')": [-2.220446049250313e-16, 1.0081, -0.9975700000000001, 1.9999999999999996], "('1', '3', '0011')": [-4.738409584629978e-12, 1.9999999999999996, 0, 0], "('1', '3', '0100')": [-0.9099999999999999, -0.9099999999999999, -1.3057505592044632e-08, 1.9999999999999996], "('1', '3', '0101')": [-1.4469252260969343, -0.999999985651093, -1.1555541718461382, -0.999999985651093], "('1', '3', '0110')": [-0.9099999999999999, -0.7, -0.7, 1.9999999999999996], "('1', '3', '0111')": [-1.40595, -0.973, -0.973, -0.9099999999999999], "('1', '3', '1000')": [-0.9999999999968618, 1.999588006152436, -2.220446049250313e-16, 1.992272656938154], "('1', '3', '1001')": [0, 1.9999999999999996, 0, -0.7], "('1', '3', '1010')": [-0.7, 1.9999999999999996, 0, 0], "('1', '3', '1011')": [-0.7, 1.9999999999999996, 0, 0], "('1', '3', '1100')": [-0.7, -0.7, -1.0, 1.9999999999984914], "('1', '3', '1101')": [-0.9099999999999999, -0.9099999999999999, -1.32405, -0.9099999999999999], "('1', '3', '1110')": [-0.7, -0.7, -0.7, 1.9999999999999996], "('1', '3', '1111')": [-0.7, -0.7, 0, 0], "('1', 'NA', '0000')": [-2.220446049250313e-16, 1.9999999999999996, -2.220446049250313e-16, -2.220446049250313e-16], "('1', 'NA', '0001')": [-1.0, 1.997181315665661, 0, 0], "('1', 'NA', '0010')": [-0.9099999999999999, 1.9999999999999805, 0, -2.1604940059205546e-16], "('1', 'NA', '0011')": [-0.973, 1.9999999999999996, 0, 0], "('1', 'NA', '0100')": [-1.428, -0.9999999999999978, -1.0603080874275617, -5.0025367550143863e-08], "('1', 'NA', '0101')": [-0.9999999999997176, -0.7, -0.12353999247051875, -0.7], "('1', 'NA', '0110')": [-1.34028024177089, -0.999271, -0.9975700000000001, -1.037788565187776], "('1', 'NA', '0111')": [-1.0242985063995904, 0, 0, 0], "('1', 'NA', '1000')": [-0.9099999999999999, 1.9999999999999494, -2.220446049250313e-16, -2.220446049250313e-16], "('1', 'NA', '1001')": [-0.7, 1.9999999999999996, 0, 0], "('1', 'NA', '1010')": [-0.7, 1.9999999999999996, 0, 0], "('1', 'NA', '1011')": [-0.7, 0, 0, 0], "('1', 'NA', '1100')": [-0.9919, -0.9919, -1.2915895200674532, -2.220446049250313e-16], "('1', 'NA', '1101')": [-0.7, -0.7, -1.523521243584902e-15, -0.7], "('1', 'NA', '1110')": [-0.7, 0, 0, 0], "('1', 'NA', '1111')": [0, 0, 0, 0], "('NA', '2', '0000')": [-2.220446049250313e-16, -2.220446049250313e-16, 1.9999999999999996, -2.220446049250313e-16], "('NA', '2', '0001')": [-2.220446049250313e-16, -2.2204460521176124e-16, 1.9999999999997868, -0.9999999999968618], "('NA', '2', '0010')": [-0.33929667597838464, -0.13439913518246413, -0.7, -0.9100000000006219], "('NA', '2', '0011')": [-1.2944528741418944, -1.434782629594108, -0.99999822853, -0.99999822853], "('NA', '2', '0100')": [-0.008482020529500218, -0.9919, 1.9999999999998936, -0.9997813], "('NA', '2', '0101')": [-0.973, -0.7, 1.9999999999999996, 0], "('NA', '2', '0110')": [0, 0, 0, 0], "('NA', '2', '0111')": [-2.220446049250313e-16, -0.7, 0, 0], "('NA', '2', '1000')": [-0.973, -2.220446049250313e-16, 1.9999999995857296, 0], "('NA', '2', '1001')": [-0.7, -1.072485846798088e-12, 1.9999145193003494, 0],