{"('L', 'U', '0000')": [10.157398292153463, -0.3731297545961082, 10.199818501286707, 1.7258929472329887], "('L', 'U', '0001')": [6.922737598393349, 10.858854242692438, 10.665349832031294, 8.842016132610041], "('L', 'U', '0010')": [7.739041611148568, -0.27209091536480984, -10.0, -0.09878017817804685], "('L', 'U', '0011')": [8.949764756662047, 5.234655514588089, -10.0, 5.145518645013289], "('L', 'U', '0100')": [5.550551121683725, -0.7707361576813427, 5.270084264467036, -0.012048609593104418], "('L', 'U', '0101')": [10.69398368445697, -0.03833022051963373, 1.712078401029324, 0], "('L', 'U', '0110')": [8.8274715083042, 0, 4.7464481392949365, -0.7499042897883069], "('L', 'U', '0111')": [0, 0, 0, 0], "('L', 'U', '1000')": [6.759846001798167, -10.0, -1.0, 5.082724540070027], "('L', 'U', '1001')": [-0.05112302089686037, -0.05848331596351281, 28.890311165352156, -10.0], "('L', 'U', '1010')": [27.000005175978792, -1.2369315321610157, -1.0, -1.4372301331590769], "('L', 'U', '1011')": [0, 0, 0, 0], "('L', 'U', '1100')": [9.529266508922134, -9.999999999972271, 10.77296885183541, 9.32375752684219], "('L', 'U', '1101')": [0, 0, 0, 0], "('L', 'U', '1110')": [0, 0, 0, 0], "('L', 'U', '1111')": [0, 0, 0, 0], "('L', 'D', '0000')": [8.420826651542022, -0.02220868694275915, -0.17706594335718887, 6.581146161332391], "('L', 'D', '0001')": [-10.0, -10.0, 3.15791811493522, -0.8828323991279307], "('L', 'D', '0010')": [23.358840101727168, -9.999999999999998, 7.687797277024438, -1.0], "('L', 'D', '0011')": [10.658909321355003, 5.565591444194585, 10.789814097964827, 7.37672998508734], "('L', 'D', '0100')": [5.188069700146737, 2.8384927705251464, 1.2053231387883214, 7.430886145361111], "('L', 'D', '0101')": [10.98115141219025, 8.068328730534452, 4.547775980234923, 5.91451624248041], "('L', 'D', '0110')": [10.61278567484179, 5.1210884539505805, -10.0, 10.683110213387184], "('L', 'D', '0111')": [27.452237267431997, 0, 0, 0], "('L', 'D', '1000')": [-0.8993733256047709, 2.546888994453031, 21.659617706029717, -0.4123935203715125], "('L', 'D', '1001')": [12.11450583839257, -0.932883911197949, 6.133433067502466, 8.036514015616863], "('L', 'D', '1010')": [3.5998231885781804, -9.999681485822624, -9.999999999824515, -9.999999999999998], "('L', 'D', '1011')": [0, 0, 0, 0], "('L', 'D', '1100')": [6.454108275560211, -10.0, -0.0328385342056226, 10.658909321358552], "('L', 'D', '1101')": [0, 0, 0, 0], "('L', 'D', '1110')": [-9.999999999999238, -1.3509999999999998, -10.0, 3.629805017653174], "('L', 'D', '1111')": [0, 0, 0, 0], "('L', 'NA', '0000')": [-0.15445702699034528, -1.0, -0.6178790021956443, 3.625261512467902], "('L', 'NA', '0001')": [-1.1659915648728392, -1.396560826905772, 7.344330679914048, 2.7316187658691784], "('L', 'NA', '0010')": [-1.2428250929556683, -1.176667198536871, 8.522084552467188, -1.0], "('L', 'NA', '0011')": [-1.3147785663081317, -0.9999998631654479, 4.583269493353837, 7.0656212826402], "('L', 'NA', '0100')": [-0.7329143169404317, -1.1234893995916047, 3.98795301890496, 4.458581949120529], "('L', 'NA', '0101')": [9.409695733394358, -0.9430179307361792, 19.51121771240792, -0.5616559116927919], "('L', 'NA', '0110')": [-1.0, 6.949547973883184, 10.794074041357288, -10.0], "('L', 'NA', '0111')": [1.9968086219286432, 0, 0, 0], "('L', 'NA', '1000')": [9.320017231201117, -1.3001815432716715, -0.9423937793769176, -1.0], "('L', 'NA', '1001')": [13.480369434955147, -1.5638259006720654, -1.1819636405262846, -1.3678521609944858], "('L', 'NA', '1010')": [-1.4733125492732526, 6.781879490894579, 11.335691358778107, -1.0369875119017646], "('L', 'NA', '1011')": [1.9979258319982742, 0, 0, 0], "('L', 'NA', '1100')": [1.8979568446368795, -1.4697735522595607, 4.729831078101021, -1.0], "('L', 'NA', '1101')": [0, 0, 0, 0], "('L', 'NA', '1110')": [1.8505949524113507, 1.4210822007825878, 0, 0], "('L', 'NA', '1111')": [0, 0, 0, 0], "('R', 'U', '0000')": [-0.7411574423395679, -0.10035067105846524, 13.372460463264042, 0.6271035499830737], "('R', 'U', '0001')": [8.827471507700292, 8.91401323059143, 4.486345791995802, 7.39471521689632], "('R', 'U', '0010')": [10.034528509108057, -0.3417051512253157, 8.509459876196065, 12.027064395732719], "('R', 'U', '0011')": [5.169556505865877, 9.032141031825489, -9.999999999999584, 6.372822496371229], "('R', 'U', '0100')": [6.961880933091315, -1.0888857646557977, -10.0, -10.0], "('R', 'U', '0101')": [12.656622850937788, 17.710283100342934, 0.6837588756440547, 12.557301391725238], "('R', 'U', '0110')": [-0.16799124273996208, 15.21003771363284, -10.0, -0.30869766098808316], "('R', 'U', '0111')": [0, 0, 0, 0], "('R', 'U', '1000')": [-0.8256804703279094, 11.824785344719787, -10.0, 2.1532188259020737], "('R', 'U', '1001')": [-10.0, 9.062570539237399, 9.315490222073805, 17.079820960026932], "('R', 'U', '1010')": [3.9478350863525216, 12.841879943889978, 4.597499937419728, 13.352738646126914], "('R', 'U', '1011')": [-0.9999999999999993, -9.999998247274942, -1.8370905771721817, -10.0], "('R', 'U', '1100')": [-10.0, -10.0, 7.857027709982257, -9.999999999018451], "('R', 'U', '1101')": [0, 0, 0, 0], "('R', 'U', '1110')": [-10.0, -9.999999999775959, 0, 0], "('R', 'U', '1111')": [0, 0, 0, 0], "('R', 'D', '0000')": [5.973955210100808, 3.9809801552158395, -0.12624678116617344, 0.4511453586879831], "('R', 'D', '0001')": [12.109181960401715, 6.000991640109943, 3.815007624347044, 1.948376971301141], "('R', 'D', '0010')": [5.349010645842786, 5.278395827149919, 5.6587791316697045, 5.932305508916613], "('R', 'D', '0011')": [3.6691188008544398, 2.738553095701984, -9.999999999998764, 10.498235023032766], "('R', 'D', '0100')": [3.5269258472105327, 4.6491712668839655, 4.824168603681287, 2.8919610070836352], "('R', 'D', '0101')": [5.145253170471879, 11.352383419002585, 5.267607544463471, 4.4223346213546675], "('R', 'D', '0110')": [2.2620174459044646, 8.188614806661011, 4.653927754889071, 10.37025515783669], "('R', 'D', '0111')": [7.540279790044446, 3.5826530723296557, 0, 0], "('R', 'D', '1000')": [5.237344647987257, -10.0, 4.965935636825309, 5.463001045842356], "('R', 'D', '1001')": [2.6504772772125667, 11.374854253810573, 9.303509087765173, 4.342048388118882], "('R', 'D', '1010')": [26.81666391906934, 28.740368500424047, 5.495452508960777, 26.239527432084877], "('R', 'D', '1011')": [-9.999999999991527, 5.97674814227676, -0.9999998405677, -10.0], "('R', 'D', '1100')": [-9.999999999999998, -9.99999999999994, 10.09515786081605, 4.061246848670852], "('R', 'D', '1101')": [-0.9999999987085983, -1.0, -0.5612332832943154, 9.21018264421529], "('R', 'D', '1110')": [-0.999980317, -0.7, -0.9999999996125795, 6.19725881018112], "('R', 'D', '1111')": [-9.999999999999153, 0, 0, 0], "('R', 'NA', '0000')": [-0.9997813, 5.028024955949414, -0.5534130941143365, -0.07969958225137201], "('R', 'NA', '0001')": [6.373400932187638, 8.340277338610502, -1.499999997929934, 3.624257626296993], "('R', 'NA', '0010')": [2.128436126387173, 3.6096103429099653, -9.99999999999999, -9.99999999985806], "('R', 'NA', '0011')": [8.13450449430759, -1.2232346248949229, 10.60951404369767, -1.4105992134442844], "('R', 'NA', '0100')": [-1.3134474683836068, -1.1670154569496858, -1.001089435589225, 29.049804967745068], "('R', 'NA', '0101')": [4.003210345015592, 7.146092489414615, 2.6547628212319307, -10.0], "('R', 'NA', '0110')": [3.361567060584016, 10.149442441639852, 4.614111746366543, 12.505567855850089], "('R', 'NA', '0111')": [-0.7, 5.089094067811269, -9.999343900000001, 0], "('R', 'NA', '1000')": [-0.9997813, -0.937128929080528, -1.0391098683806441, 11.835494819026891], "('R', 'NA', '1001')": [5.369760198928363, 9.2253236389397, -0.290554437325379, 4.353407372977341], "('R', 'NA', '1010')": [-0.5056380389361267, 15.134329476876447, 5.448523614277721, 16.647226289325744], "('R', 'NA', '1011')": [-0.9999999999968618, 7.334971383270943, 0, 0], "('R', 'NA', '1100')": [2.5923434807648755, 12.265969727032102, 12.116463518544403, 12.435989523109194], "('R', 'NA', '1101')": [-0.9999998405677, 23.190712691662, 0, 0],