{"('0', '2', '0000')": [1.9999539439496856, -1.0, 0, 0], "('0', '2', '0001')": [1.9999997683618405, -0.712715865163484, -0.17048376047289998, 0], "('0', '2', '0010')": [1.57561784482505, -1.0, -1.0, -1.4999999999999996], "('0', '2', '0011')": [-0.9999999999998034, -0.18214895473934045, -0.8091525366646442, -1.072669767460841], "('0', '2', '0100')": [-0.2174336644673429, -1.3714934683000848, -0.5130487855509526, -0.00899812597284442], "('0', '2', '0101')": [1.7467845330809297, 0, 0, -0.5], "('0', '2', '0110')": [1.6898671282272222, 0.9527573265851931, -1.0, 0], "('0', '2', '0111')": [-0.5100890269715355, -2.220446049250313e-16, 1.2992659016235506, -1.0], "('0', '2', '1000')": [-1.4999999999999996, -0.7692307748158715, 1.7078311884109167, 0], "('0', '2', '1001')": [1.5389405617978114, -0.06955775273397119, 0.6527901685077641, 0], "('0', '2', '1010')": [-0.103408237437172, -0.12757633750476624, 1.9921586547458343, 0], "('0', '2', '1011')": [0, 0, 0, 0], "('0', '2', '1100')": [-0.1556857348142744, -0.29119513466167274, 1.9145827062724043, 1.5628788846718686], "('0', '2', '1101')": [0, 0, 1.9608879308465283, 0], "('0', '2', '1110')": [-2.220446049250313e-16, 0, 0, 0], "('0', '2', '1111')": [1.9240945162946812, -2.2204460492502911e-16, -0.42031821480141507, -2.220446049250313e-16], "('0', '3', '0000')": [-0.6309484739642519, -0.980494447310909, -0.7283804045160343, 0.5432391851606783], "('0', '3', '0001')": [-0.999995255608245, -1.4156545592718879, -0.234303321290388, 1.9926521410357687], "('0', '3', '0010')": [-0.41532886316718626, 1.3603581886384366, 0.2946097392512915, 1.3204888796758583], "('0', '3', '0011')": [1.9040574939946449, -0.9997330728806479, -0.10209594838897917, -0.10209594838897917], "('0', '3', '0100')": [1.9999999999999996, -0.04788165325302779, 0, 1.9481319882507309], "('0', '3', '0101')": [-1.8034815384148037, -0.9988365160000001, -0.19283730722858933, 1.8306613628345145], "('0', '3', '0110')": [1.9336753781121145, 1.3649929312865265, -0.7752126010863509, 1.8819813606618745], "('0', '3', '0111')": [-1.0, -1.6269710531250001, 0, 0], "('0', '3', '1000')": [-0.059538975780623865, -0.9583834583491541, -0.9163028119195417, -0.030628784516693944], "('0', '3', '1001')": [-0.13110963232337125, -0.8253442514845818, -0.9112044908521943, -1.0], "('0', '3', '1010')": [-0.17720431996825867, -0.013557093195008231, -1.0655548161611348, 1.9728858135379386], "('0', '3', '1011')": [-0.9999999865342362, -0.02960290380222297, -1.0, 1.0000000000002904], "('0', '3', '1100')": [-1.0, 1.495755881215597, -1.0242346938775495, 1.9507152615335523], "('0', '3', '1101')": [-0.8907529361043317, -0.8907529361043317, -0.15266875981161643, 1.6613226526089755], "('0', '3', '1110')": [1.9999999999999996, 1.9999999999999996, 0, 1.9933592613945623], "('0', '3', '1111')": [-1.0, -1.8789552562394205, -1.9311183926274018, -1.9311179129434675], "('0', 'NA', '0000')": [-1.037328131449688, 0, 0, -0.9099999999999999], "('0', 'NA', '0001')": [0.8943603291205863, -0.9999999998837739, -1.415654633678403, -1.0], "('0', 'NA', '0010')": [0.6409776666250797, 0, 0, 0], "('0', 'NA', '0011')": [-1.0000767113483158, -1.0, -0.33401559885715026, 0], "('0', 'NA', '0100')": [1.4475336996548331, 0, 0, -1.0044990629864197], "('0', 'NA', '0101')": [-0.9999999996125795, -1.0000406335380112, -1.0, -0.16698244826883146], "('0', 'NA', '0110')": [-0.3198208797851312, 0, 0, 0], "('0', 'NA', '0111')": [1.4955830820346854, 0, 0, 0], "('0', 'NA', '1000')": [-1.0, -1.0, 0, -0.34497698467657834], "('0', 'NA', '1001')": [-0.9999999987085983, -1.0000406335380112, 1.1195475822406475, -0.10209594838897917], "('0', 'NA', '1010')": [-0.8872698383858044, 0, 0, 0], "('0', 'NA', '1011')": [0, 0, 0, 0], "('0', 'NA', '1100')": [-1.020563614333152, -1.020563614333152, -1.087389156655342, -0.21198895829289238], "('0', 'NA', '1101')": [-0.0005361414409280204, 1.9999999999999996, -1.1887181868112262, 0], "('0', 'NA', '1110')": [0, 0, 0, 0], "('0', 'NA', '1111')": [-0.08968067602554104, -2.5433069423300504e-14, -0.7086037393838551, -0.7909911625000036], "('1', '2', '0000')": [-0.5002935504448736, 1.794710836866522, -0.12499999796252281, 0], "('1', '2', '0001')": [-0.41468436624005345, -0.4083089936027363, 1.6490518608543439, -0.42306533660004464], "('1', '2', '0010')": [-0.26248780514416736, -0.5984934282015042, 0.8884730765880977, 0], "('1', '2', '0011')": [-0.9611900413891705, -0.3851195013865459, 1.999999999801078, -0.1545847623154507], "('1', '2', '0100')": [-0.7431885075557644, 1.365336754277251, -0.27712497273417885, -0.11887863918131], "('1', '2', '0101')": [-0.044904263444826814, 1.9394903724446393, -0.12629745314625723, -0.6959493556820217], "('1', '2', '0110')": [-0.8403441020334302, -0.015127215926559821, -0.30946406801180903, -0.9148068193416474], "('1', '2', '0111')": [-0.8023553522128513, 1.8563252152543899, 0, 0], "('1', '2', '1000')": [-0.6105769230769231, 1.8741721149935096, -0.02223924696892673, -0.12499999949851112], "('1', '2', '1001')": [0.9337798188310884, 0.8554139392077516, 1.8789807011260564, -0.9634296878123776], "('1', '2', '1010')": [-0.39863597509653076, 0.9287441907108556, 1.434782608695652, -0.05167950439113703], "('1', '2', '1011')": [0, 0, 0, 0], "('1', '2', '1100')": [-1.0, -0.6493662465616713, 0.9918440054564597, -0.99721850224791], "('1', '2', '1101')": [-0.0773056038219485, -0.0773056038219485, 1.8206386479479182, 0], "('1', '2', '1110')": [1.7340519985031495, 0, 0, 0], "('1', '2', '1111')": [-0.8597418848950706, -0.8597418058246215, -1.0, -1.0], "('1', '3', '0000')": [-0.3272243283438786, 1.9019913226524838, -2.3677625571316696e-07, 0.9192859677570225], "('1', '3', '0001')": [-0.029121937504450877, 1.964664656756419, -0.017667671624136665, 1.107378387616662], "('1', '3', '0010')": [-0.7943085370157216, -0.06897058990102245, 1.9986419577474759, 1.99962790576514], "('1', '3', '0011')": [-0.0648884521418137, 0.47757698305128937, -1.0, -0.9930288352713644], "('1', '3', '0100')": [-0.0010444349676727374, -0.00018250788914812028, -0.49613411911016525, -1.2290094183589821], "('1', '3', '0101')": [-0.8765101628195298, 1.7644803646349518, -0.8846153838037853, -0.534160159974709], "('1', '3', '0110')": [0.4104195393853851, -2.220446049250311e-16, -0.8038338914389569, 1.9159616413993557], "('1', '3', '0111')": [-0.021881683484732715, 1.999999955663093, -0.39251932733295325, 0], "('1', '3', '1000')": [-0.8872697590710181, 1.994569896445338, -1.5172884349291969e-06, 1.8611631546479381], "('1', '3', '1001')": [-0.0008320474981134772, 0, 0, 1.9999770315567986], "('1', '3', '1010')": [1.538461538461538, 1.9997243221276562, 1.7091157008766276, 0.9472412408505713], "('1', '3', '1011')": [-0.99999995217031, 0, 0, 1.855894391023575], "('1', '3', '1100')": [-0.056430728867926785, -0.05643016195209846, -0.11775981767716741, 1.894777240703029], "('1', '3', '1101')": [-1.0, -0.24267641378223162, 1.8417068440686748, 0.5399115107316276], "('1', '3', '1110')": [-0.9975700000000001, -0.7, -0.999999985651093, 0], "('1', '3', '1111')": [-0.7300442445836249, -0.22319340505322957, 0, 1.8916282819610573], "('1', 'NA', '0000')": [-1.0033620156601235, -1.2512311416986954, -0.013849032145299794, -0.8259711390360365], "('1', 'NA', '0001')": [-1.3476016512690339, -1.375687199240455, -1.0459330882998619, -0.0069778686682334294], "('1', 'NA', '0010')": [-1.0, -1.092608142114926, -0.08469074361619323, -0.82934960694371], "('1', 'NA', '0011')": [-1.0315111108125385, -1.0, -0.6242330889148842, -1.2448098214782495], "('1', 'NA', '0100')": [-0.5710853002154364, 1.4788155644599361, 0, 0], "('1', 'NA', '0101')": [-0.999271, -1.025978532767302, -9.415268539864586e-06, -0.8982941727452427], "('1', 'NA', '0110')": [-1.0701948449821224, -1.35, -1.0864423724895316, -0.3102714677421783], "('1', 'NA', '0111')": [0, 0, 0, 0], "('1', 'NA', '1000')": [-0.36707891264337433, 0.9576449499255746, 0, 0], "('1', 'NA', '1001')": [-1.0328485518125599, 0.8695652173913042, -0.7765627047843966, -0.12045519099140793],